year,region,gprod,rgdp,target,status
2017,usa,1.0000000720107713,1966.9546858113372,1966.9546858113372,LOCALLY_SOLVED
2017,can,1.0000001061234467,163.73728901886162,163.73728901886167,LOCALLY_SOLVED
2017,mex,1.0000001005591965,116.47157289759387,116.47157289759393,LOCALLY_SOLVED
2017,jpn,1.000000025972413,491.9427799638323,491.9427799638323,LOCALLY_SOLVED
2017,anz,1.0000000162671971,157.16598896827944,157.16598896827944,LOCALLY_SOLVED
2017,eur,1.0000000376735891,1819.438012791342,1819.438012791342,LOCALLY_SOLVED
2017,roe,1.0000000179932682,136.7081517247386,136.7081517247386,LOCALLY_SOLVED
2017,rus,1.0000000216403209,156.35502559894144,156.35502559894144,LOCALLY_SOLVED
2017,asi,1.000000017443847,201.7909038332739,201.7909038332739,LOCALLY_SOLVED
2017,chn,1.0000000358291576,1234.8824217586605,1234.8824217586605,LOCALLY_SOLVED
2017,ind,1.0000000329868464,264.6547890594009,264.6547890594009,LOCALLY_SOLVED
2017,bra,1.000000023519684,204.85562246850478,204.85562246850478,LOCALLY_SOLVED
2017,afr,1.0000000276207264,190.68213389938762,190.68213389938765,LOCALLY_SOLVED
2017,mes,1.000000015038418,234.48326996367047,234.48326996367047,LOCALLY_SOLVED
2017,lam,1.000000027889099,260.2371003464177,260.2371003464177,LOCALLY_SOLVED
2017,rea,1.0000000417436192,118.51880211465358,118.51880211465361,LOCALLY_SOLVED
2017,kor,1.000000025368349,158.63450107199915,158.63450107199915,LOCALLY_SOLVED
2017,idz,1.0000000037599546,101.42287522266817,101.42287522266817,LOCALLY_SOLVED
2020,usa,0.9281193225238936,2032.5808130107473,2032.5808130107473,LOCALLY_SOLVED
2020,can,0.9064938433265148,162.7568288223184,162.75682882231843,LOCALLY_SOLVED
2020,mex,0.8519517323189698,108.30760201023391,108.30760201023402,LOCALLY_SOLVED
2020,jpn,0.8584294022538491,473.0053457363969,473.0053457363969,LOCALLY_SOLVED
2020,anz,0.9075767240027813,161.92827560000723,161.92827560000725,LOCALLY_SOLVED
2020,eur,0.8893892778459368,1797.691973218427,1797.6919732184272,LOCALLY_SOLVED
2020,roe,0.910134767240614,142.95275794477814,142.95275794477806,LOCALLY_SOLVED
2020,rus,0.896458163876954,160.04765245939726,160.0476524593972,LOCALLY_SOLVED
2020,asi,0.9136929128070762,211.0083844101591,211.00838441015904,LOCALLY_SOLVED
2020,chn,1.044163893119428,1428.7937856393794,1428.7937856393794,LOCALLY_SOLVED
2020,ind,0.9386105621004354,275.92663342860385,275.9266334286039,LOCALLY_SOLVED
2020,bra,0.9046773230407525,204.24166996311104,204.24166996311104,LOCALLY_SOLVED
2020,afr,0.9180840987852574,200.27749572825041,200.2774957282504,LOCALLY_SOLVED
2020,mes,0.8825437546368486,240.15600928606597,240.15600928606585,LOCALLY_SOLVED
2020,lam,0.8462780585567392,247.95962449100142,247.95962449100145,LOCALLY_SOLVED
2020,rea,0.9764918845375202,132.1671492025485,132.16714920254853,LOCALLY_SOLVED
2020,kor,0.9249592774100607,166.37143818719477,166.3714381871948,LOCALLY_SOLVED
2020,idz,0.9438535665893236,109.71987034677687,109.7198703467769,LOCALLY_SOLVED
2025,usa,1.058763881279213,2379.2841314778907,2379.2841314778925,LOCALLY_SOLVED
2025,can,0.9518340441747078,176.48195327456213,176.48195327456753,LOCALLY_SOLVED
2025,mex,0.9507053683602315,121.56764947763459,121.56764947764016,LOCALLY_SOLVED
2025,jpn,0.8975026477200985,499.5993066239252,499.59930662392554,LOCALLY_SOLVED
2025,anz,0.9625739336174607,185.90379879754815,185.90379879754812,LOCALLY_SOLVED
2025,eur,1.0168671887628193,2043.8644186864808,2043.8644186864826,LOCALLY_SOLVED
2025,roe,1.0095288331974428,168.14894472020796,168.14894472020828,LOCALLY_SOLVED
2025,rus,0.9668878488888755,183.74472568539053,183.74472568539073,LOCALLY_SOLVED
2025,asi,0.9956789869547594,245.07446084471835,245.07446084471863,LOCALLY_SOLVED
2025,chn,1.2991973535792083,1840.9765294260947,1840.976529426096,LOCALLY_SOLVED
2025,ind,1.297397186615066,401.6866760482724,401.6866760482687,LOCALLY_SOLVED
2025,bra,1.020646131205361,240.24035468736253,240.24035468736267,LOCALLY_SOLVED
2025,afr,1.0106149273337124,243.66819646317916,243.6681964631795,LOCALLY_SOLVED
2025,mes,0.9494103935138704,285.2300034478639,285.230003447864,LOCALLY_SOLVED
2025,lam,0.9213219826535656,282.353848769607,282.35384876960745,LOCALLY_SOLVED
2025,rea,1.1880894894552108,174.38071701820704,174.38071701820792,LOCALLY_SOLVED
2025,kor,0.9342590731187674,177.57634204219846,177.57634204219846,LOCALLY_SOLVED
2025,idz,1.0705683230443879,134.11645391667906,134.1164539166794,LOCALLY_SOLVED
2030,usa,1.155989254951836,2674.6823118069074,2674.682311806911,LOCALLY_SOLVED
2030,can,1.0687230763574291,204.31757776138576,204.31757776139833,LOCALLY_SOLVED
2030,mex,1.0342468168718892,134.22050807839614,134.220508078409,LOCALLY_SOLVED
2030,jpn,0.9392824904472613,520.7864758706128,520.7864758706132,LOCALLY_SOLVED
2030,anz,1.0320539918665705,213.5134057799048,213.51340577990462,LOCALLY_SOLVED
2030,eur,1.1060207713785564,2220.416101055341,2220.416101055345,LOCALLY_SOLVED
2030,roe,1.0778751945313965,189.31888119616752,189.3188811961681,LOCALLY_SOLVED
2030,rus,0.9659749021215281,194.07547583908993,194.07547583909022,LOCALLY_SOLVED
2030,asi,1.1291850174923208,295.3145353643884,295.3145353643887,LOCALLY_SOLVED
2030,chn,1.5425545037068067,2269.453756465966,2269.4537564659686,LOCALLY_SOLVED
2030,ind,1.6550927130624637,547.766623383142,547.766623383138,LOCALLY_SOLVED
2030,bra,1.1620442448824457,283.84101429235795,283.84101429235807,LOCALLY_SOLVED
2030,afr,1.1743897844814284,310.5142459877047,310.5142459877052,LOCALLY_SOLVED
2030,mes,1.0813976587936522,352.5914881120191,352.59148811201896,LOCALLY_SOLVED
2030,lam,1.00669270188239,321.0188361392121,321.018836139213,LOCALLY_SOLVED
2030,rea,1.3811992631465062,219.39759745295223,219.39759745295353,LOCALLY_SOLVED
2030,kor,0.988632628847594,195.09944124160955,195.09944124160918,LOCALLY_SOLVED
2030,idz,1.2670573799915752,170.35681150958996,170.3568115095907,LOCALLY_SOLVED
2035,usa,1.24908037342113,2961.888734600317,2961.8887346003253,LOCALLY_SOLVED
2035,can,1.1892732246403834,234.01199026498546,234.01199026501024,LOCALLY_SOLVED
2035,mex,1.1651517782933916,155.59835525464757,155.5983552546733,LOCALLY_SOLVED
2035,jpn,1.0001139521976627,545.9564452054276,545.9564452054286,LOCALLY_SOLVED
2035,anz,1.105027080502871,242.72708893252695,242.72708893252627,LOCALLY_SOLVED
2035,eur,1.1971373205523366,2392.018747634226,2392.018747634234,LOCALLY_SOLVED
2035,roe,1.2020455873540157,219.4724707461989,219.47247074619946,LOCALLY_SOLVED
2035,rus,1.0013454249949514,209.07440566770026,209.0744056677003,LOCALLY_SOLVED
2035,asi,1.256029272222462,346.7116983439254,346.7116983439263,LOCALLY_SOLVED
2035,chn,1.79027157547553,2726.048808984118,2726.0488089841215,LOCALLY_SOLVED
2035,ind,2.0738634021672135,736.0248254708298,736.0248254708143,LOCALLY_SOLVED
2035,bra,1.3033086545810284,329.0495290921467,329.0495290921465,LOCALLY_SOLVED
2035,afr,1.333888488317647,386.2798490331368,386.27984903313705,LOCALLY_SOLVED
2035,mes,1.1821239489475126,418.7680819182991,418.7680819182977,LOCALLY_SOLVED
2035,lam,1.1269027223254713,372.148814098148,372.14881409814956,LOCALLY_SOLVED
2035,rea,1.6006536390589667,274.3519685273379,274.3519685273403,LOCALLY_SOLVED
2035,kor,1.11525247796681,226.17372414181455,226.17372414181375,LOCALLY_SOLVED
2035,idz,1.4217521217106124,205.5167055366544,205.51670553665502,LOCALLY_SOLVED
2040,usa,1.3518182267773304,3270.164493086552,3270.1644930865587,LOCALLY_SOLVED
2040,can,1.3154231662424378,266.00052519077747,266.00052519079946,LOCALLY_SOLVED
2040,mex,1.2979915689807957,180.3811392504412,180.38113925046395,LOCALLY_SOLVED
2040,jpn,1.0902627587303362,582.2279702320826,582.2279702320835,LOCALLY_SOLVED
2040,anz,1.1971620786648536,277.1459402155584,277.145940215558,LOCALLY_SOLVED
2040,eur,1.3017508740364774,2576.8835338178883,2576.8835338178947,LOCALLY_SOLVED
2040,roe,1.3466948318285652,254.42874535863353,254.42874535863422,LOCALLY_SOLVED
2040,rus,1.047863227196043,225.23251284744597,225.23251284744615,LOCALLY_SOLVED
2040,asi,1.3788171960082427,398.0467374882764,398.0467374882771,LOCALLY_SOLVED
2040,chn,2.0665102565126885,3237.6908389554096,3237.6908389554137,LOCALLY_SOLVED
2040,ind,2.419718394014998,922.2193177858811,922.2193177858763,LOCALLY_SOLVED
2040,bra,1.4700420279926507,381.4585882371491,381.45858823714906,LOCALLY_SOLVED
2040,afr,1.513739044714685,478.32475246817836,478.3247524681787,LOCALLY_SOLVED
2040,mes,1.3007964143515283,497.36511613637214,497.3651161363707,LOCALLY_SOLVED
2040,lam,1.264781751133532,431.42247196547373,431.42247196547515,LOCALLY_SOLVED
2040,rea,1.837676135235413,338.6178530418423,338.6178530418445,LOCALLY_SOLVED
2040,kor,1.247306426138893,257.67468864478053,257.67468864478,LOCALLY_SOLVED
2040,idz,1.5805230560641135,243.88702567566114,243.88702567566182,LOCALLY_SOLVED
2045,usa,1.4619764839404683,3591.286591780782,3591.2865917807894,LOCALLY_SOLVED
2045,can,1.4470050044067433,300.9557302661957,300.9557302662198,LOCALLY_SOLVED
2045,mex,1.4232022935945243,209.11117822573667,209.111178225761,LOCALLY_SOLVED
2045,jpn,1.1926682473919505,620.8594645128069,620.859464512808,LOCALLY_SOLVED
2045,anz,1.2910460278688396,313.6306014980379,313.6306014980377,LOCALLY_SOLVED
2045,eur,1.421359953919347,2776.03541085505,2776.0354108550578,LOCALLY_SOLVED
2045,roe,1.5130811923095218,294.9526482509404,294.95264825094114,LOCALLY_SOLVED
2045,rus,1.1055920118706357,243.18915015039184,243.189150150392,LOCALLY_SOLVED
2045,asi,1.5196863942590935,454.76421870813937,454.76421870814033,LOCALLY_SOLVED
2045,chn,2.3777140908802608,3808.3511345121624,3808.3511345121665,LOCALLY_SOLVED
2045,ind,2.852381668481979,1155.2820012239513,1155.2820012239456,LOCALLY_SOLVED
2045,bra,1.6661509036182465,442.21505176240595,442.2150517624059,LOCALLY_SOLVED
2045,afr,1.711361019260986,587.8302232098476,587.8302232098483,LOCALLY_SOLVED
2045,mes,1.439153620302463,590.7137373416366,590.7137373416348,LOCALLY_SOLVED
2045,lam,1.4234800354445536,500.1368868199923,500.13688681999395,LOCALLY_SOLVED
2045,rea,2.0928857056096755,412.5075709521344,412.50757095213703,LOCALLY_SOLVED
2045,kor,1.3781277863852615,287.05569383779124,287.05569383779084,LOCALLY_SOLVED
2045,idz,1.7347307845895126,283.73272892338457,283.7327289233849,LOCALLY_SOLVED
2050,usa,1.5646347314629976,3933.489346943095,3933.4893469431136,LOCALLY_SOLVED
2050,can,1.4579466689673701,311.32833654781155,311.32833654786754,LOCALLY_SOLVED
2050,mex,1.5266376416613407,240.6401466465602,240.6401466466152,LOCALLY_SOLVED
2050,jpn,1.2827810575323084,657.1619477282364,657.1619477282386,LOCALLY_SOLVED
2050,anz,1.3873270474789687,355.20685663636897,355.2068566363678,LOCALLY_SOLVED
2050,eur,1.525557897478626,2967.784590531192,2967.7845905312097,LOCALLY_SOLVED
2050,roe,1.6813961474076506,341.93095826344234,341.9309582634433,LOCALLY_SOLVED
2050,rus,1.159409588800889,262.21084496362016,262.2108449636198,LOCALLY_SOLVED
2050,asi,1.6435998244700065,512.718757682033,512.718757682035,LOCALLY_SOLVED
2050,chn,2.640995770920992,4344.1545859215075,4344.154585921514,LOCALLY_SOLVED
2050,ind,3.2305338884342425,1397.9948398602612,1397.9948398602442,LOCALLY_SOLVED
2050,bra,1.8452288974587667,503.50922372066435,503.50922372066356,LOCALLY_SOLVED
2050,afr,1.8907276164183096,710.9813535459116,710.9813535459122,LOCALLY_SOLVED
2050,mes,1.5519982003857535,691.2045227922492,691.2045227922443,LOCALLY_SOLVED
2050,lam,1.5795704735250182,577.279914894291,577.2799148942939,LOCALLY_SOLVED
2050,rea,2.3076670735939153,490.58055411230754,490.5805541123131,LOCALLY_SOLVED
2050,kor,1.5257710038179677,320.7225498553303,320.7225498553287,LOCALLY_SOLVED
2050,idz,1.8614746221927252,324.21605854781797,324.2160585478173,LOCALLY_SOLVED
2055,usa,1.6642133612040955,4299.055636290944,4299.055636290981,LOCALLY_SOLVED
2055,can,1.5591458773882165,343.19010844287425,343.1901084429893,LOCALLY_SOLVED
2055,mex,1.6266732183528778,276.01106135515994,276.0110613552675,LOCALLY_SOLVED
2055,jpn,1.3701697675092592,694.6517920442552,694.6517920442591,LOCALLY_SOLVED
2055,anz,1.4800917381678729,401.11837495829053,401.1183749582878,LOCALLY_SOLVED
2055,eur,1.6296159994505293,3167.7695641340806,3167.769564134117,LOCALLY_SOLVED
2055,roe,1.8458734548504405,395.0191490133929,395.01914901339387,LOCALLY_SOLVED
2055,rus,1.2071674427492376,282.2175890976451,282.2175890976436,LOCALLY_SOLVED
2055,asi,1.7710949979311614,576.4295434229344,576.4295434229376,LOCALLY_SOLVED
2055,chn,2.937602843962752,4940.031908489216,4940.031908489225,LOCALLY_SOLVED
2055,ind,3.653570693406526,1684.1762896055068,1684.17628960547,LOCALLY_SOLVED
2055,bra,2.0346182361518332,571.5522959619817,571.5522959619789,LOCALLY_SOLVED
2055,afr,2.07473282568468,856.1182914840674,856.1182914840681,LOCALLY_SOLVED
2055,mes,1.6575614409103363,805.816632389153,805.8166323891426,LOCALLY_SOLVED
2055,lam,1.7356907870783367,664.0813988297944,664.0813988297992,LOCALLY_SOLVED
2055,rea,2.5300157863121124,581.0672369636186,581.0672369636284,LOCALLY_SOLVED
2055,kor,1.6873392722098353,357.4031765512238,357.4031765512197,LOCALLY_SOLVED
2055,idz,1.9901515563559975,369.3161042058908,369.31610420588714,LOCALLY_SOLVED
2060,usa,1.7601087283990111,4688.510845840427,4688.510845840427,LOCALLY_SOLVED
2060,can,1.6444313525939216,374.84198953783147,374.8419895378316,LOCALLY_SOLVED
2060,mex,1.7223275574079244,315.53788782013993,315.53788782014004,LOCALLY_SOLVED
2060,jpn,1.4573777468097278,733.2927743567458,733.2927743567457,LOCALLY_SOLVED
2060,anz,1.5701354653720923,451.63889470502335,451.6388947050235,LOCALLY_SOLVED
2060,eur,1.7350771869586699,3375.8909048231303,3375.8909048231308,LOCALLY_SOLVED
2060,roe,2.00807147248678,454.7685585789563,454.7685585789562,LOCALLY_SOLVED
2060,rus,1.2491270531358087,303.2104759782441,303.2104759782441,LOCALLY_SOLVED
2060,asi,1.903337888371155,646.2293363390836,646.2293363390836,LOCALLY_SOLVED
2060,chn,3.2747901066434983,5600.278189901518,5600.278189901518,LOCALLY_SOLVED
2060,ind,4.1303253292205335,2019.9109430364056,2019.9109430364044,LOCALLY_SOLVED
2060,bra,2.237268810810897,646.8124042807405,646.8124042807403,LOCALLY_SOLVED
2060,afr,2.267944585882814,1026.306049614593,1026.306049614593,LOCALLY_SOLVED
2060,mes,1.7587544745180355,935.9763149425102,935.9763149425099,LOCALLY_SOLVED
2060,lam,1.8938379554950344,761.3642927947953,761.3642927947955,LOCALLY_SOLVED
2060,rea,2.763745390720089,685.4545606520084,685.4545606520084,LOCALLY_SOLVED
2060,kor,1.8658266149284182,397.2393924276458,397.2393924276458,LOCALLY_SOLVED
2060,idz,2.12233866286802,419.3723108315363,419.3723108315362,LOCALLY_SOLVED
2065,usa,1.8522748818542367,5102.266693725715,5102.266693725715,LOCALLY_SOLVED
2065,can,1.7147095408279014,405.9186942458103,405.9186942458108,LOCALLY_SOLVED
2065,mex,1.8160200029573996,359.535863683967,359.53586368396736,LOCALLY_SOLVED
2065,jpn,1.54591805979046,773.0418151543171,773.0418151543171,LOCALLY_SOLVED
2065,anz,1.6586143866910867,507.03382243749957,507.0338224375001,LOCALLY_SOLVED
2065,eur,1.8415395739907316,3592.0024458651524,3592.0024458651533,LOCALLY_SOLVED
2065,roe,2.169610477156911,521.7401064288682,521.7401064288682,LOCALLY_SOLVED
2065,rus,1.2844563589934026,325.18518281578514,325.1851828157853,LOCALLY_SOLVED
2065,asi,2.041291475975537,722.4367450665575,722.4367450665576,LOCALLY_SOLVED
2065,chn,3.652869079092142,6329.1294454705185,6329.1294454705185,LOCALLY_SOLVED
2065,ind,4.671212728298492,2411.7809349617182,2411.7809349617146,LOCALLY_SOLVED
2065,bra,2.4559248497877273,729.7493542323036,729.7493542323035,LOCALLY_SOLVED
2065,afr,2.475047445726566,1224.8582393815661,1224.8582393815666,LOCALLY_SOLVED
2065,mes,1.8578808856028741,1083.1566872953997,1083.1566872953993,LOCALLY_SOLVED
2065,lam,2.056251754431002,869.9594864782484,869.9594864782487,LOCALLY_SOLVED
2065,rea,3.0140181110040367,805.3149108316293,805.3149108316293,LOCALLY_SOLVED
2065,kor,2.0603974373078615,440.36278023047873,440.36278023047885,LOCALLY_SOLVED
2065,idz,2.2589886638620325,474.7207200272554,474.7207200272549,LOCALLY_SOLVED
2070,usa,1.9415946525199665,5540.607108708402,5540.607108708402,LOCALLY_SOLVED
2070,can,1.7967615537296209,442.51639016516066,442.5163901651607,LOCALLY_SOLVED
2070,mex,1.9106756808911454,408.31717690014864,408.31717690014824,LOCALLY_SOLVED
2070,jpn,1.6358895943017886,813.8488328485469,813.8488328485467,LOCALLY_SOLVED
2070,anz,1.7456170069827726,567.5558366410652,567.5558366410652,LOCALLY_SOLVED
2070,eur,1.9487114516315795,3815.9091394257593,3815.90913942576,LOCALLY_SOLVED
2070,roe,2.3320536134755065,596.4972891193382,596.4972891193379,LOCALLY_SOLVED
2070,rus,1.312475932852314,348.13159593746855,348.1315959374685,LOCALLY_SOLVED
2070,asi,2.1863493114717087,805.3506448578283,805.3506448578283,LOCALLY_SOLVED
2070,chn,4.070074904299809,7130.6981350565475,7130.698135056547,LOCALLY_SOLVED
2070,ind,5.288111444656278,2866.835165975033,2866.835165975033,LOCALLY_SOLVED
2070,bra,2.6930932198841027,820.8074700479448,820.8074700479448,LOCALLY_SOLVED
2070,afr,2.700733444552329,1455.321243949856,1455.321243949856,LOCALLY_SOLVED
2070,mes,1.9567679220400869,1248.8616319533137,1248.8616319533135,LOCALLY_SOLVED
2070,lam,2.225671721632069,990.694830488758,990.694830488758,LOCALLY_SOLVED
2070,rea,3.285108853532533,942.2934291711698,942.2934291711698,LOCALLY_SOLVED
2070,kor,2.2705499365362267,486.89207079085344,486.8920707908534,LOCALLY_SOLVED
2070,idz,2.400962745637886,535.6889581150982,535.6889581150982,LOCALLY_SOLVED
2075,usa,2.0303639121038985,6003.674274843638,6003.674274843638,LOCALLY_SOLVED
2075,can,1.8828769014477476,482.97081476333824,482.9708147633384,LOCALLY_SOLVED
2075,mex,2.007550451666216,462.18608026195324,462.1860802619529,LOCALLY_SOLVED
2075,jpn,1.7250619607918252,855.6566386346846,855.6566386346846,LOCALLY_SOLVED
2075,anz,1.8330208453393602,633.4401381607521,633.4401381607523,LOCALLY_SOLVED
2075,eur,2.056873608375535,4047.3651756428885,4047.365175642889,LOCALLY_SOLVED
2075,roe,2.4970142539656566,679.5980695740526,679.5980695740525,LOCALLY_SOLVED
2075,rus,1.3330014721279906,372.03346202934557,372.0334620293456,LOCALLY_SOLVED
2075,asi,2.34028287591808,895.2442188389692,895.2442188389692,LOCALLY_SOLVED
2075,chn,4.530455253735167,8008.902131599097,8008.902131599097,LOCALLY_SOLVED
2075,ind,5.993896717239513,3392.5408199252433,3392.540819925242,LOCALLY_SOLVED
2075,bra,2.950835559804482,920.4077572705361,920.407757270536,LOCALLY_SOLVED
2075,afr,2.949516769444267,1721.44949071183,1721.44949071183,LOCALLY_SOLVED
2075,mes,2.057157809791417,1434.6064788940155,1434.6064788940155,LOCALLY_SOLVED
2075,lam,2.404363138247575,1124.3826118948507,1124.3826118948507,LOCALLY_SOLVED
2075,rea,3.581878436927703,1098.0914217861662,1098.0914217861662,LOCALLY_SOLVED
2075,kor,2.4980609814445116,536.9304142318817,536.9304142318819,LOCALLY_SOLVED
2075,idz,2.5493602093134666,602.5906879694813,602.5906879694813,LOCALLY_SOLVED
2080,usa,2.120005999105322,6491.455046317786,6491.455046317786,LOCALLY_SOLVED
2080,can,1.9638029589846138,525.2494089230719,525.2494089230718,LOCALLY_SOLVED
2080,mex,2.107726546561776,521.4334671153197,521.4334671153194,LOCALLY_SOLVED
2080,jpn,1.8114432599315533,898.4008749887479,898.4008749887479,LOCALLY_SOLVED
2080,anz,1.920737441337291,704.8993929238948,704.8993929238948,LOCALLY_SOLVED
2080,eur,2.1666309810180224,4286.072397395461,4286.072397395461,LOCALLY_SOLVED
2080,roe,2.6660859955428697,771.5856778894597,771.5856778894596,LOCALLY_SOLVED
2080,rus,1.345404350324457,396.868071076769,396.86807107676896,LOCALLY_SOLVED
2080,asi,2.5055881434398732,992.3586848662503,992.3586848662501,LOCALLY_SOLVED
2080,chn,5.045664610764464,8967.38769520108,8967.38769520108,LOCALLY_SOLVED
2080,ind,6.801217422534592,3996.715133463577,3996.715133463577,LOCALLY_SOLVED
2080,bra,3.2300460173022247,1028.9394440486685,1028.9394440486685,LOCALLY_SOLVED
2080,afr,3.2261473677673274,2027.170810493724,2027.170810493724,LOCALLY_SOLVED
2080,mes,2.1605219602109424,1641.895424531084,1641.8954245310838,LOCALLY_SOLVED
2080,lam,2.5946932272833205,1271.8055297134445,1271.8055297134445,LOCALLY_SOLVED
2080,rea,3.909350379980518,1274.4456172146859,1274.4456172146859,LOCALLY_SOLVED
2080,kor,2.7436661944318934,590.5625716095553,590.5625716095552,LOCALLY_SOLVED
2080,idz,2.70537208004942,675.7195651945389,675.7195651945389,LOCALLY_SOLVED
2085,usa,2.211285557858591,7003.767948698919,7003.767948698919,LOCALLY_SOLVED
2085,can,2.0466321958006275,571.3138848793571,571.3138848793571,LOCALLY_SOLVED
2085,mex,2.2124516149717857,586.3309499478269,586.3309499478268,LOCALLY_SOLVED
2085,jpn,1.8962680661537938,942.0100006520471,942.010000652047,LOCALLY_SOLVED
2085,anz,2.009116492905473,782.1184247535195,782.1184247535197,LOCALLY_SOLVED
2085,eur,2.2789309457451683,4531.679045064505,4531.679045064505,LOCALLY_SOLVED
2085,roe,2.840977499650354,872.9783729129147,872.9783729129144,LOCALLY_SOLVED
2085,rus,1.3497798560110206,422.60597680173834,422.6059768017383,LOCALLY_SOLVED
2085,asi,2.684110035622247,1096.8967847702686,1096.8967847702686,LOCALLY_SOLVED
2085,chn,5.626429565645922,10009.447218580313,10009.447218580312,LOCALLY_SOLVED
2085,ind,7.72293737860371,4687.4356626697945,4687.4356626697945,LOCALLY_SOLVED
2085,bra,3.531854011432285,1146.7509886321457,1146.7509886321457,LOCALLY_SOLVED
2085,afr,3.535508133300215,2376.541016453446,2376.541016453446,LOCALLY_SOLVED
2085,mes,2.2674701899969523,1872.1957250810378,1872.1957250810376,LOCALLY_SOLVED
2085,lam,2.798505590961842,1433.7012655328817,1433.7012655328817,LOCALLY_SOLVED
2085,rea,4.271580341354817,1473.1031128132952,1473.1031128132952,LOCALLY_SOLVED
2085,kor,3.0104276692521843,647.852065205918,647.852065205918,LOCALLY_SOLVED
2085,idz,2.869797837479926,755.3427562794735,755.3427562794735,LOCALLY_SOLVED
2090,usa,2.3037528243683933,7540.250992238694,7540.250992238694,LOCALLY_SOLVED
2090,can,2.1264073240060672,620.091975969229,620.0919759692292,LOCALLY_SOLVED
2090,mex,2.322501443362148,657.1245016002631,657.1245016002632,LOCALLY_SOLVED
2090,jpn,1.9820082628642819,986.4053246540584,986.4053246540585,LOCALLY_SOLVED
2090,anz,2.097700163602852,865.2487284777403,865.2487284777404,LOCALLY_SOLVED
2090,eur,2.3951883541412156,4783.778863949534,4783.778863949534,LOCALLY_SOLVED
2090,roe,3.0227892947032227,984.25824824084,984.2582482408397,LOCALLY_SOLVED
2090,rus,1.3466552634108189,449.2107603201443,449.21076032014423,LOCALLY_SOLVED
2090,asi,2.8768599893836293,1209.0161266292048,1209.016126629205,LOCALLY_SOLVED
2090,chn,6.273789032562814,11137.932728587573,11137.932728587573,LOCALLY_SOLVED
2090,ind,8.772782182707887,5472.927703139167,5472.927703139166,LOCALLY_SOLVED
2090,bra,3.8563852678185713,1274.1406638015694,1274.1406638015692,LOCALLY_SOLVED
2090,afr,3.882331633050349,2773.687043757285,2773.687043757285,LOCALLY_SOLVED
2090,mes,2.3801756856097995,2126.9087978112766,2126.908797811276,LOCALLY_SOLVED
2090,lam,3.0171257242044534,1610.745793488046,1610.745793488046,LOCALLY_SOLVED
2090,rea,4.672994043330157,1695.7919554120772,1695.7919554120774,LOCALLY_SOLVED
2090,kor,3.3036454704061455,708.838330548855,708.838330548855,LOCALLY_SOLVED
2090,idz,3.0433741278982205,841.6940941189124,841.6940941189124,LOCALLY_SOLVED
2095,usa,2.3968657425739615,8100.350528994905,8100.350528994905,LOCALLY_SOLVED
2095,can,2.1972021252664686,670.1416759230599,670.14167592306,LOCALLY_SOLVED
2095,mex,2.4382176158167033,734.0277376331956,734.027737633195,LOCALLY_SOLVED
2095,jpn,2.071222088955386,1031.5010915803377,1031.5010915803375,LOCALLY_SOLVED
2095,anz,2.186306564749358,954.4028856548232,954.4028856548232,LOCALLY_SOLVED
2095,eur,2.516413902255929,5041.910604838995,5041.910604838996,LOCALLY_SOLVED
2095,roe,3.212744998069536,1105.8592030630634,1105.859203063063,LOCALLY_SOLVED
2095,rus,1.3360705933933945,476.6388425763287,476.63884257632856,LOCALLY_SOLVED
2095,asi,3.084270395207687,1328.8224839633965,1328.8224839633967,LOCALLY_SOLVED
2095,chn,6.988993102102215,12355.166348750854,12355.166348750852,LOCALLY_SOLVED
2095,ind,9.965314356773955,6361.42806123908,6361.42806123908,LOCALLY_SOLVED
2095,bra,4.204213883083235,1411.3468521304642,1411.3468521304642,LOCALLY_SOLVED
2095,afr,4.272125800604483,3222.7382639538555,3222.7382639538555,LOCALLY_SOLVED
2095,mes,2.5011389800379433,2407.3384701995733,2407.338470199573,LOCALLY_SOLVED
2095,lam,3.250974262020317,1803.5356253946172,1803.535625394617,LOCALLY_SOLVED
2095,rea,5.1179771238914,1944.1874289963396,1944.1874289963396,LOCALLY_SOLVED
2095,kor,3.6239946792120596,773.5339176440306,773.5339176440305,LOCALLY_SOLVED
2095,idz,3.2267306703261416,934.9669642726287,934.9669642726287,LOCALLY_SOLVED
2100,usa,2.4922006621338446,8683.311388008371,8683.311388008371,LOCALLY_SOLVED
2100,can,2.2607248681568133,722.8387879773279,722.8387879773277,LOCALLY_SOLVED
2100,mex,2.56046282820526,817.21493739643,817.2149373964291,LOCALLY_SOLVED
2100,jpn,2.165853218975461,1077.2046199059484,1077.2046199059484,LOCALLY_SOLVED
2100,anz,2.276471070415444,1049.6489766863706,1049.6489766863706,LOCALLY_SOLVED
2100,eur,2.6447516765300647,5305.557945540399,5305.557945540399,LOCALLY_SOLVED
2100,roe,3.4141899332824415,1238.154236532142,1238.154236532142,LOCALLY_SOLVED
2100,rus,1.3182789516759765,504.83935085326107,504.839350853261,LOCALLY_SOLVED
2100,asi,3.306958161290584,1456.363167965015,1456.3631679650148,LOCALLY_SOLVED
2100,chn,7.784126032497863,13662.84914304221,13662.84914304221,LOCALLY_SOLVED
2100,ind,11.315585486762028,7361.0250455449595,7361.025045544959,LOCALLY_SOLVED
2100,bra,4.5753810579953775,1558.5382084361836,1558.5382084361836,LOCALLY_SOLVED
2100,afr,4.709916429541036,3727.745925402743,3727.745925402743,LOCALLY_SOLVED
2100,mes,2.6339848394193073,2714.6567316293945,2714.6567316293945,LOCALLY_SOLVED
2100,lam,3.500401481938627,2012.5692396605887,2012.5692396605887,LOCALLY_SOLVED
2100,rea,5.612728748338353,2219.8742673317474,2219.8742673317474,LOCALLY_SOLVED
2100,kor,3.966504573222564,841.9217927145867,841.9217927145867,LOCALLY_SOLVED
2100,idz,3.4197044809168258,1035.307033045507,1035.307033045507,LOCALLY_SOLVED
