series,t,r,value
gdp,2023,AFR,239.17756667560127
gdp,2023,ANZ,195.0970751513568
gdp,2023,ASI,252.82358117598517
gdp,2023,BRA,194.03964550672487
gdp,2023,CAN,203.7548463945079
gdp,2023,CHN,1675.0998337408382
gdp,2023,EUR,2138.5448139114587
gdp,2023,IDZ,133.31253115320015
gdp,2023,IND,372.1888577409494
gdp,2023,JPN,419.1407942003016
gdp,2023,KOR,158.69086882662413
gdp,2023,LAM,292.12315625027577
gdp,2023,MES,306.85564820731713
gdp,2023,MEX,165.62588815486544
gdp,2023,REA,154.3030304335015
gdp,2023,ROE,195.72825799298937
gdp,2023,RUS,191.7497112565672
gdp,2023,USA,2864.781848756784
gdp,2025,AFR,263.5319627572494
gdp,2025,ANZ,206.21081167867362
gdp,2025,ASI,272.4035789057306
gdp,2025,BRA,207.42641386889832
gdp,2025,CAN,216.05040414768845
gdp,2025,CHN,1821.3232733064742
gdp,2025,EUR,2210.648803797827
gdp,2025,IDZ,146.69610015978358
gdp,2025,IND,421.3445769482934
gdp,2025,JPN,426.1725639168192
gdp,2025,KOR,164.78106938061492
gdp,2025,LAM,307.51524304788325
gdp,2025,MES,334.0153851836152
gdp,2025,MEX,172.32055422301679
gdp,2025,REA,169.14776298071024
gdp,2025,ROE,205.23849656799405
gdp,2025,RUS,195.99582548636164
gdp,2025,USA,3002.120203645751
gdp,2030,AFR,335.8195995504552
gdp,2030,ANZ,236.8351125284504
gdp,2030,ASI,328.23876750705074
gdp,2030,BRA,245.0672025469053
gdp,2030,CAN,250.124400117209
gdp,2030,CHN,2245.1491943238957
gdp,2030,EUR,2401.6050116412803
gdp,2030,IDZ,186.3293572552933
gdp,2030,IND,574.544120522368
gdp,2030,JPN,444.2488814121072
gdp,2030,KOR,181.0408472954743
gdp,2030,LAM,349.62405537033595
gdp,2030,MES,412.88965426220716
gdp,2030,MEX,190.25635863788185
gdp,2030,REA,212.80793746095677
gdp,2030,ROE,231.07766419552993
gdp,2030,RUS,207.0165283519125
gdp,2030,USA,3374.8343262667768
gdp,2035,AFR,417.7603998117406
gdp,2035,ANZ,269.2367183082798
gdp,2035,ASI,385.36620451111696
gdp,2035,BRA,284.09862274923057
gdp,2035,CAN,286.4729779271498
gdp,2035,CHN,2696.8575500492598
gdp,2035,EUR,2587.174289437591
gdp,2035,IDZ,224.78926719414156
gdp,2035,IND,772.006937161252
gdp,2035,JPN,465.70875880575
gdp,2035,KOR,209.86640186144942
gdp,2035,LAM,405.2995028232451
gdp,2035,MES,490.38628295228835
gdp,2035,MEX,220.54991507830195
gdp,2035,REA,266.1100138774115
gdp,2035,ROE,267.87361050769664
gdp,2035,RUS,223.00926259976617
gdp,2035,USA,3737.188396922925
gdp,2040,AFR,517.3035562384614
gdp,2040,ANZ,307.41104949738565
gdp,2040,ASI,442.4251674943539
gdp,2040,BRA,329.34499033425215
gdp,2040,CAN,325.63070142296556
gdp,2040,CHN,3203.0104484408903
gdp,2040,EUR,2787.0920237203118
gdp,2040,IDZ,266.75729525751757
gdp,2040,IND,967.3321485395908
gdp,2040,JPN,496.6394800840757
gdp,2040,KOR,239.09623676199928
gdp,2040,LAM,469.84929206062685
gdp,2040,MES,582.4191689527465
gdp,2040,MEX,255.6759396367106
gdp,2040,REA,328.4451197995719
gdp,2040,ROE,310.5367875126887
gdp,2040,RUS,240.242293832865
gdp,2040,USA,4126.122186679314
gdp,2045,AFR,635.7312457551585
gdp,2045,ANZ,347.8795455286413
gdp,2045,ASI,505.4633026046602
gdp,2045,BRA,381.79870182556795
gdp,2045,CAN,368.42036918340386
gdp,2045,CHN,3767.5515986838077
gdp,2045,EUR,3002.4705010330827
gdp,2045,IDZ,310.34013482761713
gdp,2045,IND,1211.7845203412892
gdp,2045,JPN,529.5893622560793
gdp,2045,KOR,266.3599799636294
gdp,2045,LAM,544.6810124160752
gdp,2045,MES,691.7268669466996
gdp,2045,MEX,296.3969758368045
gdp,2045,REA,400.11539185153026
gdp,2045,ROE,359.9957421396164
gdp,2045,RUS,259.39413474037184
gdp,2045,USA,4531.279129612074
gdp,2050,AFR,768.9199218460631
gdp,2050,ANZ,393.9941731592109
gdp,2050,ASI,569.8791529792471
gdp,2050,BRA,434.72055641318065
gdp,2050,CAN,381.13318594877717
gdp,2050,CHN,4297.654483733325
gdp,2050,EUR,3209.8577145587547
gdp,2050,IDZ,354.62058236042475
gdp,2050,IND,1466.3841534432188
gdp,2050,JPN,560.5554081117466
gdp,2050,KOR,297.5971347296555
gdp,2050,LAM,628.6934843065361
gdp,2050,MES,809.4040535614828
gdp,2050,MEX,341.0864792482854
gdp,2050,REA,475.84629683180407
gdp,2050,ROE,417.332412648359
gdp,2050,RUS,279.6827142585652
gdp,2050,USA,4963.033300181745
gdp,2055,AFR,925.8817721096696
gdp,2055,ANZ,444.91829935725406
gdp,2055,ASI,640.6902050798353
gdp,2055,BRA,493.4661996563677
gdp,2055,CAN,420.12233858261436
gdp,2055,CHN,4887.124776408141
gdp,2055,EUR,3426.1442750729357
gdp,2055,IDZ,403.94831839074726
gdp,2055,IND,1766.5578711152568
gdp,2055,JPN,592.5327769772988
gdp,2055,KOR,331.63147482039693
gdp,2055,LAM,723.2244498064547
gdp,2055,MES,943.613020969432
gdp,2055,MEX,391.22096158224605
gdp,2055,REA,563.6134222420493
gdp,2055,ROE,482.12686480184357
gdp,2055,RUS,301.0218607473537
gdp,2055,USA,5424.270214475491
gdp,2060,AFR,1109.9359012721382
gdp,2060,ANZ,500.95491376973405
gdp,2060,ASI,718.2695103138678
gdp,2060,BRA,558.443037699305
gdp,2060,CAN,458.8711487465541
gdp,2060,CHN,5540.2758726775355
gdp,2060,EUR,3651.2327983832306
gdp,2060,IDZ,458.69731649126715
gdp,2060,IND,2118.7098976851266
gdp,2060,JPN,625.4919508023193
gdp,2060,KOR,368.59393271536084
gdp,2060,LAM,829.1703690438999
gdp,2060,MES,1096.0283565300888
gdp,2060,MEX,447.2461779999265
gdp,2060,REA,664.863991834477
gdp,2060,ROE,555.0514754819807
gdp,2060,RUS,323.4130400861429
gdp,2060,USA,5915.6537035767205
gdp,2065,AFR,1324.6658413772273
gdp,2065,ANZ,562.3983150344833
gdp,2065,ASI,802.9712148198249
gdp,2065,BRA,630.0480127177663
gdp,2065,CAN,496.91596248770327
gdp,2065,CHN,6261.304106132911
gdp,2065,EUR,3884.9670597500563
gdp,2065,IDZ,519.2350870222192
gdp,2065,IND,2529.743626672361
gdp,2065,JPN,659.3964611096796
gdp,2065,KOR,408.60701863171204
gdp,2065,LAM,947.436179473647
gdp,2065,MES,1268.3751438043569
gdp,2065,MEX,509.6089087242382
gdp,2065,REA,781.1228645066788
gdp,2065,ROE,636.790997508056
gdp,2065,RUS,346.85178640068045
gdp,2065,USA,6437.702601370501
gdp,2070,AFR,1573.9068522225964
gdp,2070,ANZ,629.5289385566871
gdp,2070,ASI,895.1273514062985
gdp,2070,BRA,708.6647503361567
gdp,2070,CAN,541.7153875096444
gdp,2070,CHN,7054.279051818709
gdp,2070,EUR,4127.135313873251
gdp,2070,IDZ,585.919903526358
gdp,2070,IND,3007.052325162841
gdp,2070,JPN,694.2039051516367
gdp,2070,KOR,451.78082445367403
gdp,2070,LAM,1078.9233969806905
gdp,2070,MES,1462.4142529726666
gdp,2070,MEX,578.7516038002597
gdp,2070,REA,913.9858481975414
gdp,2070,ROE,728.033248791889
gdp,2070,RUS,371.32719357323697
gdp,2070,USA,6990.773124754827
gdp,2075,AFR,1861.7193418209438
gdp,2075,ANZ,702.6072753415516
gdp,2075,ASI,995.0413598556922
gdp,2075,BRA,794.6567504728622
gdp,2075,CAN,591.2375489713311
gdp,2075,CHN,7923.070293259752
gdp,2075,EUR,4377.47042740481
gdp,2075,IDZ,659.0947386563267
gdp,2075,IND,3558.468282370756
gdp,2075,JPN,729.8659828547222
gdp,2075,KOR,498.2107866851672
gdp,2075,LAM,1224.5166344725235
gdp,2075,MES,1679.9203573469763
gdp,2075,MEX,655.105520755155
gdp,2075,REA,1065.1029786535487
gdp,2075,ROE,829.4591924786926
gdp,2075,RUS,396.82188373703343
gdp,2075,USA,7575.040928706624
gdp,2080,AFR,2192.3510999777964
gdp,2080,ANZ,781.869562477071
gdp,2080,ASI,1102.9811013002434
gdp,2080,BRA,888.3601970347167
gdp,2080,CAN,642.9944665482249
gdp,2080,CHN,8871.27773923439
gdp,2080,EUR,4635.649119702302
gdp,2080,IDZ,739.0806971469444
gdp,2080,IND,4192.191606872015
gdp,2080,JPN,766.3276177082669
gdp,2080,KOR,547.9756512190431
gdp,2080,LAM,1385.0682353553273
gdp,2080,MES,1922.6548576523876
gdp,2080,MEX,739.0829548998187
gdp,2080,REA,1236.1587636278546
gdp,2080,ROE,941.7318684779917
gdp,2080,RUS,423.31168708590116
gdp,2080,USA,8190.490486331589
gdp,2085,AFR,2570.188398040114
gdp,2085,ANZ,867.5206743937146
gdp,2085,ASI,1219.172116837526
gdp,2085,BRA,990.0758915839751
gdp,2085,CAN,699.3847151062098
gdp,2085,CHN,9902.160437959144
gdp,2085,EUR,4901.290384081342
gdp,2085,IDZ,826.1700298556954
gdp,2085,IND,4916.695455505386
gdp,2085,JPN,803.5269258344654
gdp,2085,KOR,601.1341169225427
gdp,2085,LAM,1561.3816948475537
gdp,2085,MES,2192.336721287544
gdp,2085,MEX,831.0689299751317
gdp,2085,REA,1428.8480516977354
gdp,2085,ROE,1065.4837914351065
gdp,2085,RUS,450.7649880910222
gdp,2085,USA,8836.893742994915
gdp,2090,AFR,2999.694719449788
gdp,2090,ANZ,959.728801188359
gdp,2090,ASI,1343.7898468009878
gdp,2090,BRA,1100.0614516263026
gdp,2090,CAN,759.0977670530897
gdp,2090,CHN,11018.550187567216
gdp,2090,EUR,5173.954273574293
gdp,2090,IDZ,920.6185135666136
gdp,2090,IND,5740.607912851799
gdp,2090,JPN,841.3964789809522
gdp,2090,KOR,657.7225708579084
gdp,2090,LAM,1754.1932936693875
gdp,2090,MES,2490.606042461315
gdp,2090,MEX,931.4121387554907
gdp,2090,REA,1644.8470430030902
gdp,2090,ROE,1201.3033373787534
gdp,2090,RUS,479.14279666681307
gdp,2090,USA,9513.79592032746
gdp,2095,AFR,3485.3357104269044
gdp,2095,ANZ,1058.6187406833603
gdp,2095,ASI,1476.9520883828272
gdp,2095,BRA,1218.5226168191866
gdp,2095,CAN,820.368529543099
gdp,2095,CHN,12222.743911273079
gdp,2095,EUR,5453.142329016724
gdp,2095,IDZ,1022.6376829418267
gdp,2095,IND,6672.569265034366
gdp,2095,JPN,879.8631259029115
gdp,2095,KOR,717.7532076762507
gdp,2095,LAM,1964.1530100479679
gdp,2095,MES,2818.9896961681998
gdp,2095,MEX,1040.4154604794956
gdp,2095,REA,1885.7808928389743
gdp,2095,ROE,1349.7201422870855
gdp,2095,RUS,508.39870367063287
gdp,2095,USA,10220.498479802016
gdp,2100,AFR,4031.493242839324
gdp,2100,ANZ,1164.2655132815908
gdp,2100,ASI,1618.7114257798014
gdp,2100,BRA,1345.6050852391031
gdp,2100,CAN,884.8796885198745
gdp,2100,CHN,13516.41400662138
gdp,2100,EUR,5738.29460156485
gdp,2100,IDZ,1132.3870013243522
gdp,2100,IND,7721.064122545317
gdp,2100,JPN,918.8479732741154
gdp,2100,KOR,781.2108054026162
gdp,2100,LAM,2191.8037331678493
gdp,2100,MES,3178.8599615232697
gdp,2100,MEX,1158.3259520075785
gdp,2100,REA,2153.1863247627225
gdp,2100,ROE,1511.1894099980052
gdp,2100,RUS,538.4783659719211
gdp,2100,USA,10956.043844075039
tfp,2023,AFR,1.0
tfp,2023,ANZ,1.0
tfp,2023,ASI,1.0
tfp,2023,BRA,1.0
tfp,2023,CAN,1.0
tfp,2023,CHN,1.0
tfp,2023,EUR,1.0
tfp,2023,IDZ,1.0
tfp,2023,IND,1.0
tfp,2023,JPN,1.0
tfp,2023,KOR,1.0
tfp,2023,LAM,1.0
tfp,2023,MES,1.0
tfp,2023,MEX,1.0
tfp,2023,REA,1.0
tfp,2023,ROE,1.0
tfp,2023,RUS,1.0
tfp,2023,USA,1.0
tfp,2025,AFR,1.0010328716623198
tfp,2025,ANZ,0.9724776659566483
tfp,2025,ASI,0.9975353309786233
tfp,2025,BRA,0.9910327938407985
tfp,2025,CAN,0.9768693975190254
tfp,2025,CHN,1.013731609528716
tfp,2025,EUR,0.9607902485497216
tfp,2025,IDZ,1.016073178287084
tfp,2025,IND,1.0444011554258614
tfp,2025,JPN,0.9521196313072705
tfp,2025,KOR,0.9674863328733115
tfp,2025,LAM,0.9723746989085492
tfp,2025,MES,0.9920025574010789
tfp,2025,MEX,0.9606323430835776
tfp,2025,REA,1.0073832914183913
tfp,2025,ROE,0.974952249250336
tfp,2025,RUS,0.9548864147763033
tfp,2025,USA,0.9713674324183307
tfp,2030,AFR,1.0501350325720424
tfp,2030,ANZ,0.9556868650523274
tfp,2030,ASI,1.0416562355967796
tfp,2030,BRA,1.0201629025039907
tfp,2030,CAN,0.9745168882985893
tfp,2030,CHN,1.1025263391921643
tfp,2030,EUR,0.9251095305206842
tfp,2030,IDZ,1.1066150040412837
tfp,2030,IND,1.2109178747074498
tfp,2030,JPN,0.8938638772979994
tfp,2030,KOR,0.9433996053507145
tfp,2030,LAM,0.9551265031797614
tfp,2030,MES,1.0271444249003745
tfp,2030,MEX,0.9174403374256163
tfp,2030,REA,1.073101533224266
tfp,2030,ROE,0.9533995528319736
tfp,2030,RUS,0.901456297249681
tfp,2030,USA,0.9503271032331835
tfp,2035,AFR,1.0979771025704148
tfp,2035,ANZ,0.9611396584057043
tfp,2035,ASI,1.0873160407433822
tfp,2035,BRA,1.0610404657288508
tfp,2035,CAN,0.9943104030528106
tfp,2035,CHN,1.1962098390689542
tfp,2035,EUR,0.9167675001053467
tfp,2035,IDZ,1.1679749243240474
tfp,2035,IND,1.3978980701469153
tfp,2035,JPN,0.8806651541078475
tfp,2035,KOR,1.0098267769151135
tfp,2035,LAM,0.9897937315724242
tfp,2035,MES,1.050753873388821
tfp,2035,MEX,0.9556327050515244
tfp,2035,REA,1.1583960690574095
tfp,2035,ROE,0.9966930437989975
tfp,2035,RUS,0.9019552096226283
tfp,2035,USA,0.9474432753678184
tfp,2040,AFR,1.162204102406628
tfp,2040,ANZ,0.9900936320156758
tfp,2040,ASI,1.1316376498664316
tfp,2040,BRA,1.125572870405165
tfp,2040,CAN,1.0275108422468253
tfp,2040,CHN,1.306454038025085
tfp,2040,EUR,0.928372631760882
tfp,2040,IDZ,1.2375937549865876
tfp,2040,IND,1.5202042108924807
tfp,2040,JPN,0.9020022579467971
tfp,2040,KOR,1.0798456004629315
tfp,2040,LAM,1.043363742688499
tfp,2040,MES,1.097448483960618
tfp,2040,MEX,1.01034477172605
tfp,2040,REA,1.251504903123567
tfp,2040,ROE,1.0567887288053548
tfp,2040,RUS,0.9181055748858258
tfp,2040,USA,0.9614889048692845
tfp,2045,AFR,1.2357850827613035
tfp,2045,ANZ,1.0222755223385573
tfp,2045,ASI,1.19123149431522
tfp,2045,BRA,1.2095425643308726
tfp,2045,CAN,1.071040680483418
tfp,2045,CHN,1.4319398861654913
tfp,2045,EUR,0.9524846035161579
tfp,2045,IDZ,1.3058014953585637
tfp,2045,IND,1.6847881844773578
tfp,2045,JPN,0.9336139635359404
tfp,2045,KOR,1.1448147141429132
tfp,2045,LAM,1.1126856350468455
tfp,2045,MES,1.1612583275288662
tfp,2045,MEX,1.0794077646110805
tfp,2045,REA,1.349721281081878
tfp,2045,ROE,1.1301386760035024
tfp,2045,RUS,0.945299320028406
tfp,2045,USA,0.9837526208593255
tfp,2050,AFR,1.3062636501074187
tfp,2050,ANZ,1.0655256341800672
tfp,2050,ASI,1.252664553752333
tfp,2050,BRA,1.288674810910498
tfp,2050,CAN,1.029955704842246
tfp,2050,CHN,1.540152981827764
tfp,2050,EUR,0.9787974997702653
tfp,2050,IDZ,1.3718864626802085
tfp,2050,IND,1.8254348024557967
tfp,2050,JPN,0.9654600529686974
tfp,2050,KOR,1.234225917242347
tfp,2050,LAM,1.1913088531462763
tfp,2050,MES,1.2216713447823178
tfp,2050,MEX,1.1537273194252564
tfp,2050,REA,1.4350004161869643
tfp,2050,ROE,1.2164205264934806
tfp,2050,RUS,0.9778110116603412
tfp,2050,USA,1.0138705073435152
tfp,2055,AFR,1.3882297140929691
tfp,2055,ANZ,1.1145248327357158
tfp,2055,ASI,1.3279327080608945
tfp,2055,BRA,1.3814846754187102
tfp,2055,CAN,1.0736107348644952
tfp,2055,CHN,1.676597765740481
tfp,2055,EUR,1.012214973755922
tfp,2055,IDZ,1.45399675287707
tfp,2055,IND,1.9953377121267688
tfp,2055,JPN,1.0027327561399881
tfp,2055,KOR,1.3426897502176869
tfp,2055,LAM,1.279871666968024
tfp,2055,MES,1.2919455657126913
tfp,2055,MEX,1.237774390194388
tfp,2055,REA,1.5359598477212695
tfp,2055,ROE,1.312441905444577
tfp,2055,RUS,1.016303006144017
tfp,2055,USA,1.0496519249928713
tfp,2060,AFR,1.4805505274517923
tfp,2060,ANZ,1.1680128403983547
tfp,2060,ASI,1.4149831378282605
tfp,2060,BRA,1.487249473223719
tfp,2060,CAN,1.1111989134391465
tfp,2060,CHN,1.8414102632102591
tfp,2060,EUR,1.0514472109764899
tfp,2060,IDZ,1.5491225419315198
tfp,2060,IND,2.1918453196643357
tfp,2060,JPN,1.0458676578697768
tfp,2060,KOR,1.470780892652466
tfp,2060,LAM,1.3783621933129104
tfp,2060,MES,1.3712085250753878
tfp,2060,MEX,1.3311110717649361
tfp,2060,REA,1.6502029820812634
tfp,2060,ROE,1.4183968137069514
tfp,2060,RUS,1.0594717765388206
tfp,2060,USA,1.0889149134498013
tfp,2065,AFR,1.5827420770412637
tfp,2065,ANZ,1.2253651810150585
tfp,2065,ASI,1.5121003331223863
tfp,2065,BRA,1.6057535380876926
tfp,2065,CAN,1.1426620988442293
tfp,2065,CHN,2.031696164590432
tfp,2065,EUR,1.0942787748978575
tfp,2065,IDZ,1.655166030238129
tfp,2065,IND,2.414761953453146
tfp,2065,JPN,1.094432961456309
tfp,2065,KOR,1.6160819408490312
tfp,2065,LAM,1.4867583194014584
tfp,2065,MES,1.4587288028305763
tfp,2065,MEX,1.433715333589025
tfp,2065,REA,1.7773992496578506
tfp,2065,ROE,1.5339012577406999
tfp,2065,RUS,1.1051908299820323
tfp,2065,USA,1.1299833686184848
tfp,2070,AFR,1.6948002833487104
tfp,2070,ANZ,1.2853865892397318
tfp,2070,ASI,1.6184201664008075
tfp,2070,BRA,1.736938781373562
tfp,2070,CAN,1.1866178154502156
tfp,2070,CHN,2.2441398587955814
tfp,2070,EUR,1.1390388212680236
tfp,2070,IDZ,1.7708695017441363
tfp,2070,IND,2.665252530922657
tfp,2070,JPN,1.146973387933754
tfp,2070,KOR,1.7767892260569425
tfp,2070,LAM,1.6053618217083336
tfp,2070,MES,1.554393496418822
tfp,2070,MEX,1.5459495764334217
tfp,2070,REA,1.917121613424394
tfp,2070,ROE,1.6584453849221632
tfp,2070,RUS,1.1521914856001105
tfp,2070,USA,1.1720569130044503
tfp,2075,AFR,1.8167692139373137
tfp,2075,ANZ,1.3486099156352938
tfp,2075,ASI,1.733923319316817
tfp,2075,BRA,1.8808277361074306
tfp,2075,CAN,1.2362843469758527
tfp,2075,CHN,2.4795138258862996
tfp,2075,EUR,1.184806431707087
tfp,2075,IDZ,1.8958032165158558
tfp,2075,IND,2.9451252233670084
tfp,2075,JPN,1.2003870576910396
tfp,2075,KOR,1.9532071965700293
tfp,2075,LAM,1.7346193622513664
tfp,2075,MES,1.657760106908449
tfp,2075,MEX,1.668225776146301
tfp,2075,REA,2.0698592729328724
tfp,2075,ROE,1.7918460831367191
tfp,2075,RUS,1.1995129688759678
tfp,2075,USA,1.215646723370597
tfp,2080,AFR,1.949019441886523
tfp,2080,ANZ,1.4142305048465105
tfp,2080,ASI,1.8595227338928275
tfp,2080,BRA,2.0369345942447716
tfp,2080,CAN,1.2847366624707421
tfp,2080,CHN,2.7433558482754767
tfp,2080,EUR,1.2311166288778366
tfp,2080,IDZ,2.030152540614349
tfp,2080,IND,3.2557386541275353
tfp,2080,JPN,1.2520749041683628
tfp,2080,KOR,2.14490150647711
tfp,2080,LAM,1.8752376781647306
tfp,2080,MES,1.7685687174920905
tfp,2080,MEX,1.8011350204394407
tfp,2080,REA,2.23641361698416
tfp,2080,ROE,1.9339556030240768
tfp,2080,RUS,1.24590914689564
tfp,2080,USA,1.2608908349337422
tfp,2085,AFR,2.092058551958319
tfp,2085,ANZ,1.4820206951242099
tfp,2085,ASI,1.995520538280721
tfp,2085,BRA,2.2050972318806172
tfp,2085,CAN,1.337012297336115
tfp,2085,CHN,3.04050034901451
tfp,2085,EUR,1.2778100226489566
tfp,2085,IDZ,2.174003184035416
tfp,2085,IND,3.5981025868478183
tfp,2085,JPN,1.302239259806637
tfp,2085,KOR,2.353336570920708
tfp,2085,LAM,2.0276909440743545
tfp,2085,MES,1.8852537901657322
tfp,2085,MEX,1.9451613718788465
tfp,2085,REA,2.416873996889069
tfp,2085,ROE,2.0848458511981613
tfp,2085,RUS,1.2914022938735816
tfp,2085,USA,1.3076447697008335
tfp,2090,AFR,2.246061084958197
tfp,2090,ANZ,1.551291727581324
tfp,2090,ASI,2.141429054264643
tfp,2090,BRA,2.384805737175456
tfp,2090,CAN,1.3898108026133136
tfp,2090,CHN,3.36984846926993
tfp,2090,EUR,1.3250222666901037
tfp,2090,IDZ,2.327425348973915
tfp,2090,IND,3.9729935461496426
tfp,2090,JPN,1.3521077194328617
tfp,2090,KOR,2.5817539426504217
tfp,2090,LAM,2.1922739982742465
tfp,2090,MES,2.0081155225264324
tfp,2090,MEX,2.1006440015445276
tfp,2090,REA,2.61130556549655
tfp,2090,ROE,2.244777797578191
tfp,2090,RUS,1.3368443141805406
tfp,2090,USA,1.355210742406376
tfp,2095,AFR,2.411629724210109
tfp,2095,ANZ,1.6216893464248712
tfp,2095,ASI,2.2960808502944365
tfp,2095,BRA,2.575934234884926
tfp,2095,CAN,1.4395127259014575
tfp,2095,CHN,3.7304393136531893
tfp,2095,EUR,1.3726751981718481
tfp,2095,IDZ,2.490482039354791
tfp,2095,IND,4.380820609809825
tfp,2095,JPN,1.4029395004070413
tfp,2095,KOR,2.829282717562097
tfp,2095,LAM,2.3685295434701237
tfp,2095,MES,2.137344479051245
tfp,2095,MEX,2.2675637472966317
tfp,2095,REA,2.819348764183828
tfp,2095,ROE,2.413882711680879
tfp,2095,RUS,1.382642851604027
tfp,2095,USA,1.4029410269369498
tfp,2100,AFR,2.588774368293362
tfp,2100,ANZ,1.6943831792842512
tfp,2100,ASI,2.4583530534456557
tfp,2100,BRA,2.7780489602294596
tfp,2100,CAN,1.4880920499607426
tfp,2100,CHN,4.127726227226329
tfp,2100,EUR,1.421458997469795
tfp,2100,IDZ,2.6626358543035233
tfp,2100,IND,4.821559840875294
tfp,2100,JPN,1.4554831641602264
tfp,2100,KOR,3.090187076882673
tfp,2100,LAM,2.5560591594608653
tfp,2100,MES,2.2733554349363807
tfp,2100,MEX,2.445846359531411
tfp,2100,REA,3.042021451987096
tfp,2100,ROE,2.5925347142789463
tfp,2100,RUS,1.4296274350848668
tfp,2100,USA,1.4515247281165233
cap,2023,AFR,1.0
cap,2023,ANZ,1.0
cap,2023,ASI,1.0
cap,2023,BRA,1.0
cap,2023,CAN,1.0
cap,2023,CHN,1.0
cap,2023,EUR,1.0
cap,2023,IDZ,1.0
cap,2023,IND,1.0
cap,2023,JPN,1.0
cap,2023,KOR,1.0
cap,2023,LAM,1.0
cap,2023,MES,1.0
cap,2023,MEX,1.0
cap,2023,REA,1.0
cap,2023,ROE,1.0
cap,2023,RUS,1.0
cap,2023,USA,1.0
cap,2025,AFR,1.195
cap,2025,ANZ,1.195
cap,2025,ASI,1.195
cap,2025,BRA,1.195
cap,2025,CAN,1.195
cap,2025,CHN,1.195
cap,2025,EUR,1.195
cap,2025,IDZ,1.195
cap,2025,IND,1.195
cap,2025,JPN,1.195
cap,2025,KOR,1.195
cap,2025,LAM,1.195
cap,2025,MES,1.195
cap,2025,MEX,1.195
cap,2025,REA,1.195
cap,2025,ROE,1.195
cap,2025,RUS,1.195
cap,2025,USA,1.195
cap,2030,AFR,1.6724300741813565
cap,2030,ANZ,1.6419852245647166
cap,2030,ASI,1.6558842163252074
cap,2030,BRA,1.6501458735099175
cap,2030,CAN,1.6442788810239344
cap,2030,CHN,1.6625670041898204
cap,2030,EUR,1.6262072715291225
cap,2030,IDZ,1.6714574522808647
cap,2030,IND,1.6929570059997168
cap,2030,JPN,1.6147109878490713
cap,2030,KOR,1.6293707525121879
cap,2030,LAM,1.6390841284490478
cap,2030,MES,1.6633932306381736
cap,2030,MEX,1.630757008606786
cap,2030,REA,1.6686156643380847
cap,2030,ROE,1.636300675819013
cap,2030,RUS,1.618353623094349
cap,2030,USA,1.6358604023026642
cap,2035,AFR,2.246969766129686
cap,2035,ANZ,2.0943823866362963
cap,2035,ASI,2.162386663166784
cap,2035,BRA,2.133978416866248
cap,2035,CAN,2.105414399415428
cap,2035,CHN,2.1960721047249505
cap,2035,EUR,2.0204662971619243
cap,2035,IDZ,2.241893085486396
cap,2035,IND,2.357613995632227
cap,2035,JPN,1.9687438505954855
cap,2035,KOR,2.0350151081835604
cap,2035,LAM,2.0805346745953277
cap,2035,MES,2.2002692335009617
cap,2035,MEX,2.0414299872910666
cap,2035,REA,2.227117068955136
cap,2035,ROE,2.0673640075320714
cap,2035,RUS,1.9849420126648483
cap,2035,USA,2.06528450014737
cap,2040,AFR,2.924041510881797
cap,2040,ANZ,2.5571496674085528
cap,2040,ASI,2.7076564241315904
cap,2040,BRA,2.6448719175459194
cap,2040,CAN,2.583300429431053
cap,2040,CHN,2.7918952573905007
cap,2040,EUR,2.38442595740849
cap,2040,IDZ,2.8790740581079923
cap,2040,IND,3.231970861292406
cap,2040,JPN,2.2774347664906633
cap,2040,KOR,2.4721703115813103
cap,2040,LAM,2.5514652570850656
cap,2040,MES,2.787089042172804
cap,2040,MEX,2.483329692038528
cap,2040,REA,2.893708554280805
cap,2040,ROE,2.5284967976020556
cap,2040,RUS,2.325203990769037
cap,2040,USA,2.48340514213096
cap,2045,AFR,3.7303966152137145
cap,2045,ANZ,3.048021929097872
cap,2045,ASI,3.2827397881774214
cap,2045,BRA,3.1984415626019915
cap,2045,CAN,3.083504258132049
cap,2045,CHN,3.4579968282168236
cap,2045,EUR,2.7294939618106233
cap,2045,IDZ,3.585760160159159
cap,2045,IND,4.264691738100614
cap,2045,JPN,2.5663757864717254
cap,2045,KOR,2.9354369530890603
cap,2045,LAM,3.0658236994338868
cap,2045,MES,3.4447035241443626
cap,2045,MEX,2.9691932293851075
cap,2045,REA,3.683667247573215
cap,2045,ROE,3.0332404680848075
cap,2045,RUS,2.649484860052911
cap,2045,USA,2.899076031525214
cap,2050,AFR,4.690372858291666
cap,2050,ANZ,3.568621682918402
cap,2050,ASI,3.8969423090732342
cap,2050,BRA,3.8102410109931335
cap,2050,CAN,3.6130742854456255
cap,2050,CHN,4.2021341680801925
cap,2050,EUR,3.064850357481013
cap,2050,IDZ,4.354448564729125
cap,2050,IND,5.509531191405985
cap,2050,JPN,2.8433040637099185
cap,2050,KOR,3.4104999421538533
cap,2050,LAM,3.6376726570963998
cap,2050,MES,4.195303406721511
cap,2050,MEX,3.5120008751856817
cap,2050,REA,4.610143159115598
cap,2050,ROE,3.5952927047931875
cap,2050,RUS,2.968191069379079
cap,2050,USA,3.316694559503408
cap,2055,AFR,5.811101944344787
cap,2055,ANZ,4.131864419854627
cap,2055,ASI,4.545112704437186
cap,2055,BRA,4.468734910188742
cap,2055,CAN,4.065188737819329
cap,2055,CHN,4.992701630842808
cap,2055,EUR,3.3901561052816085
cap,2055,IDZ,5.174664498069255
cap,2055,IND,6.937006690721658
cap,2055,JPN,3.1077249556155317
cap,2055,KOR,3.9116834074265623
cap,2055,LAM,4.275335296935949
cap,2055,MES,5.036363996346779
cap,2055,MEX,4.115131703466156
cap,2055,REA,5.6601130096061265
cap,2055,ROE,4.229003967956286
cap,2055,RUS,3.28660695685253
cap,2055,USA,3.7421209268883295
cap,2060,AFR,7.123673987397827
cap,2060,ANZ,4.744833621118359
cap,2060,ASI,5.236733505599466
cap,2060,BRA,5.183728891994206
cap,2060,CAN,4.5448895430068506
cap,2060,CHN,5.843248205780052
cap,2060,EUR,3.7105090194655412
cap,2060,IDZ,6.060445799288379
cap,2060,IND,8.588903249311041
cap,2060,JPN,3.364105367782653
cap,2060,KOR,4.4450408388168245
cap,2060,LAM,4.988359753953165
cap,2060,MES,5.983983863912925
cap,2060,MEX,4.787250429591702
cap,2060,REA,6.858577945378368
cap,2060,ROE,4.944022313715342
cap,2060,RUS,3.6085164564333834
cap,2060,USA,4.180573214425435
cap,2065,AFR,8.661563757602115
cap,2065,ANZ,5.414064317583634
cap,2065,ASI,5.98014350063877
cap,2065,BRA,5.96423527777595
cap,2065,CAN,5.045135620590771
cap,2065,CHN,6.766005390403873
cap,2065,EUR,4.029822787107139
cap,2065,IDZ,7.024558476613661
cap,2065,IND,10.509230914623133
cap,2065,JPN,3.615853912080045
cap,2065,KOR,5.015816257113661
cap,2065,LAM,5.786216838953482
cap,2065,MES,7.054323377248337
cap,2065,MEX,5.536888140668783
cap,2065,REA,8.231248571385485
cap,2065,ROE,5.750144585897292
cap,2065,RUS,3.936852692256105
cap,2065,USA,4.636246332877503
cap,2070,AFR,10.460841528951173
cap,2070,ANZ,6.1456369274976055
cap,2070,ASI,6.782745723281913
cap,2070,BRA,6.818615942485498
cap,2070,CAN,5.558934399693405
cap,2070,CHN,7.772137805056568
cap,2070,EUR,4.351076167469939
cap,2070,IDZ,8.078751517355133
cap,2070,IND,12.744631619011326
cap,2070,JPN,3.865549058993067
cap,2070,KOR,5.628591312693595
cap,2070,LAM,6.678337225182882
cap,2070,MES,8.26370240137835
cap,2070,MEX,6.372476725026391
cap,2070,REA,9.804725913837379
cap,2070,ROE,6.657325669035348
cap,2070,RUS,4.273869453854276
cap,2070,USA,5.112509134230148
cap,2075,AFR,12.560300194698023
cap,2075,ANZ,6.945231874414515
cap,2075,ASI,7.651159779315471
cap,2075,BRA,7.754682883157175
cap,2075,CAN,6.105717946701532
cap,2075,CHN,8.871933185358253
cap,2075,EUR,4.676506871309511
cap,2075,IDZ,9.2339399353436
cap,2075,IND,15.344677043220152
cap,2075,JPN,4.115117322878872
cap,2075,KOR,6.287382018105992
cap,2075,LAM,7.674112579257036
cap,2075,MES,9.628643364683493
cap,2075,MEX,7.302353569833199
cap,2075,REA,11.606612038747429
cap,2075,ROE,7.675653364278586
cap,2075,RUS,4.621272080729561
cap,2075,USA,5.612052758516493
cap,2080,AFR,15.001478208418174
cap,2080,ANZ,7.818150695796879
cap,2080,ASI,8.59132232033761
cap,2080,BRA,8.779752221752368
cap,2080,CAN,6.693754749726352
cap,2080,CHN,10.07491972481789
cap,2080,EUR,5.0077616230344475
cap,2080,IDZ,10.500315539033874
cap,2080,IND,18.362006373864848
cap,2080,JPN,4.365971198140004
cap,2080,KOR,6.995704030949448
cap,2080,LAM,8.78286511639995
cap,2080,MES,11.165855962898219
cap,2080,MEX,8.334737077373928
cap,2080,REA,13.665522102951968
cap,2080,ROE,8.815294553286316
cap,2080,RUS,4.980318626828932
cap,2080,USA,6.137001170667732
cap,2085,AFR,17.828570174589856
cap,2085,ANZ,8.769317385527685
cap,2085,ASI,9.608546036842807
cap,2085,BRA,9.900660843306682
cap,2085,CAN,7.32115595783546
cap,2085,CHN,11.389928640545104
cap,2085,EUR,5.3460120350026346
cap,2085,IDZ,11.887399210831587
cap,2085,IND,21.8523030648833
cap,2085,JPN,4.619114468181518
cap,2085,KOR,7.7566144646515305
cap,2085,LAM,10.013788343534976
cap,2085,MES,12.892165441353566
cap,2085,MEX,9.477675883431955
cap,2085,REA,16.011006788791057
cap,2085,ROE,10.086415162686714
cap,2085,RUS,5.3518970064433145
cap,2085,USA,6.688994175990485
cap,2090,AFR,21.088218912698416
cap,2090,ANZ,9.803254704529897
cap,2090,ASI,10.707547209971903
cap,2090,BRA,11.123751058064633
cap,2090,CAN,7.99444907604539
cap,2090,CHN,12.82511374487639
cap,2090,EUR,5.692043767834708
cap,2090,IDZ,13.404045796253945
cap,2090,IND,25.874104048325698
cap,2090,JPN,4.87522364139394
cap,2090,KOR,8.572729886814539
cap,2090,LAM,11.375862692002876
cap,2090,MES,14.82439260780405
cap,2090,MEX,10.73897551560843
cap,2090,REA,18.67338615152589
cap,2090,ROE,11.499074538533476
cap,2090,RUS,5.7365823743070194
cap,2090,USA,7.269246599196046
cap,2095,AFR,24.82918071069556
cap,2095,ANZ,10.924047338597553
cap,2095,ASI,11.892446144631327
cap,2095,BRA,12.454831446702295
cap,2095,CAN,8.71431991881592
cap,2095,CHN,14.387931589302214
cap,2095,EUR,6.046325135631197
cap,2095,IDZ,15.058409094760414
cap,2095,IND,30.488436721796315
cap,2095,JPN,5.134713009755121
cap,2095,KOR,9.446230560439442
cap,2095,LAM,12.877747567363969
cap,2095,MES,16.979180396429392
cap,2095,MEX,12.1261045217711
cap,2095,REA,21.683493552767356
cap,2095,ROE,13.063096513099055
cap,2095,RUS,6.134681777101341
cap,2095,USA,7.8785907130219055
cap,2100,AFR,29.10185335494461
cap,2100,ANZ,12.13529005664228
cap,2100,ASI,13.16674725854459
cap,2100,BRA,13.899116156412834
cap,2100,CAN,9.475420066957916
cap,2100,CHN,16.08508249662528
cap,2100,EUR,6.409060327233001
cap,2100,IDZ,16.85787522534082
cap,2100,IND,35.758277806225806
cap,2100,JPN,5.3977847007247295
cap,2100,KOR,10.37885568310607
cap,2100,LAM,14.527653474580909
cap,2100,MES,19.372783704991782
cap,2100,MEX,13.646082978917068
cap,2100,REA,25.07233503482925
cap,2100,ROE,14.787919010623618
cap,2100,RUS,6.546268546437577
cap,2100,USA,8.517505032818784
target,2023,AFR,239.17756667560127
target,2023,ANZ,195.0970751513568
target,2023,ASI,252.82358117598517
target,2023,BRA,194.03964550672487
target,2023,CAN,203.7548463945079
target,2023,CHN,1675.0998337408382
target,2023,EUR,2138.5448139114587
target,2023,IDZ,133.31253115320015
target,2023,IND,372.1888577409494
target,2023,JPN,419.1407942003016
target,2023,KOR,158.69086882662413
target,2023,LAM,292.12315625027577
target,2023,MES,306.85564820731713
target,2023,MEX,165.62588815486544
target,2023,REA,154.3030304335015
target,2023,ROE,195.72825799298937
target,2023,RUS,191.7497112565672
target,2023,USA,2864.781848756784
target,2025,AFR,263.5320956286978
target,2025,ANZ,206.20800096949986
target,2025,ASI,272.4032505965782
target,2025,BRA,207.42550133109125
target,2025,CAN,216.04793477026647
target,2025,CHN,1821.3354049923987
target,2025,EUR,2210.6056178509975
target,2025,IDZ,146.6972425935126
target,2025,IND,421.35351709309793
target,2025,JPN,426.1623515939197
target,2025,KOR,164.77840924568224
target,2025,LAM,307.5110356289153
target,2025,MES,334.01407529225236
target,2025,MEX,172.317174036322
target,2025,REA,169.14837068847822
target,2025,ROE,205.2359538532568
target,2025,RUS,195.99140661927368
target,2025,USA,3002.077609065806
target,2030,AFR,335.8274537074035
target,2030,ANZ,236.83309792938172
target,2030,ASI,328.245705833249
target,2030,BRA,245.07067001518564
target,2030,CAN,250.12410557320538
target,2030,CHN,2245.2412676510453
target,2030,EUR,2401.5606231426277
target,2030,IDZ,186.33712550292637
target,2030,IND,574.5856337066084
target,2030,JPN,444.23518266088416
target,2030,KOR,181.03861811093205
target,2030,LAM,349.6209992806173
target,2030,MES,412.8966743822305
target,2030,MEX,190.25208391517657
target,2030,REA,212.81450596546634
target,2030,ROE,231.07514132413897
target,2030,RUS,207.01070661008058
target,2030,USA,3374.7982317069063
target,2035,AFR,417.7694897915088
target,2035,ANZ,269.23746644053193
target,2035,ASI,385.37427899754607
target,2035,BRA,284.1040741199351
target,2035,CAN,286.4757912644938
target,2035,CHN,2696.964970589791
target,2035,EUR,2587.1628436701435
target,2035,IDZ,224.79519200425813
target,2035,IND,772.0610798718521
target,2035,JPN,465.70537523131975
target,2035,KOR,209.87337642310197
target,2035,LAM,405.3065602968786
target,2035,MES,490.39172581091185
target,2035,MEX,220.55430846441226
target,2035,REA,266.1199544599348
target,2035,ROE,267.8794205522829
target,2035,RUS,223.00932286384116
target,2035,USA,3737.1828496854373
target,2040,AFR,517.3179193619764
target,2040,ANZ,307.4155056449362
target,2040,ASI,442.43380076176624
target,2040,BRA,329.3544875302464
target,2040,CAN,325.63592508447255
target,2040,CHN,3203.1483623788204
target,2040,EUR,2787.1091469298563
target,2040,IDZ,266.76483851250504
target,2040,IND,967.3717756911174
target,2040,JPN,496.64528686913286
target,2040,KOR,239.1040653809249
target,2040,LAM,469.8613874958811
target,2040,MES,582.431537148157
target,2040,MEX,255.6828917779582
target,2040,REA,328.45752160818347
target,2040,ROE,310.5456672847682
target,2040,RUS,240.24437623830198
target,2040,USA,4126.1518423859625
target,2045,AFR,635.7503065435345
target,2045,ANZ,347.88498027521297
target,2045,ASI,505.4759725029107
target,2045,BRA,381.8121186481773
target,2045,CAN,368.4278351120455
target,2045,CHN,3767.720362025633
target,2045,EUR,3002.508101067359
target,2045,IDZ,310.3482663838663
target,2045,IND,1211.845359768836
target,2045,JPN,529.5982718512626
target,2045,KOR,266.3675805658079
target,2045,LAM,544.6981250386012
target,2045,MES,691.7459606477249
target,2045,MEX,296.40654768023956
target,2045,REA,400.1301561108403
target,2045,ROE,360.00754096942546
target,2045,RUS,259.39783269822965
target,2045,USA,4531.329790455314
target,2050,AFR,768.9407512859199
target,2050,ANZ,394.00214687065966
target,2050,ASI,569.8931490169407
target,2050,BRA,434.7340116567902
target,2050,CAN,381.1259049359249
target,2050,CHN,4297.807400383036
target,2050,EUR,3209.9004358695056
target,2050,IDZ,354.6291331490881
target,2050,IND,1466.4415769228372
target,2050,JPN,560.5645910808294
target,2050,KOR,297.6080651656934
target,2050,LAM,628.7144490874907
target,2050,MES,809.424102399782
target,2050,MEX,341.09757166488373
target,2050,REA,475.86053572015163
target,2050,ROE,417.34740879835005
target,2050,RUS,279.68733330196574
target,2050,USA,4963.106397310302
target,2055,AFR,925.9092927826932
target,2055,ANZ,444.92806918033625
target,2055,ASI,640.7084639790343
target,2055,BRA,493.4829607670661
target,2055,CAN,420.1308563677173
target,2055,CHN,4887.327390061002
target,2055,EUR,3426.200451707388
target,2055,IDZ,403.95978681363124
target,2055,IND,1766.634656671548
target,2055,JPN,592.5437391756681
target,2055,KOR,331.6451178922741
target,2055,LAM,723.2497789066147
target,2055,MES,943.6387970025526
target,2055,MEX,391.2343974722774
target,2055,REA,563.6321381944488
target,2055,ROE,482.14475549023393
target,2055,RUS,301.0275372728435
target,2055,USA,5424.36209912462
target,2060,AFR,1109.970804303194
target,2060,ANZ,500.9663828258764
target,2060,ASI,718.2917846391721
target,2060,BRA,558.4631582803714
target,2060,CAN,458.87886099511303
target,2060,CHN,5540.529595048189
target,2060,EUR,3651.3006103654106
target,2060,IDZ,458.7115139300951
target,2060,IND,2118.807097203675
target,2060,JPN,625.5048175275725
target,2060,KOR,368.61033638362693
target,2060,LAM,829.200392303651
target,2060,MES,1096.0602305224058
target,2060,MEX,447.2620583205174
target,2060,REA,664.8872885593634
target,2060,ROE,555.072522505136
target,2060,RUS,323.4196109140371
target,2060,USA,5915.75980520531
target,2065,AFR,1324.7090238182889
target,2065,ANZ,562.411481771937
target,2065,ASI,802.9972483800844
target,2065,BRA,630.0716041010667
target,2065,CAN,496.92273883671146
target,2065,CHN,6261.604837194167
target,2065,EUR,3885.042820632448
target,2065,IDZ,519.2518784702559
target,2065,IND,2529.8632989312423
target,2065,JPN,659.4110789560868
target,2065,KOR,408.62582021281185
target,2065,LAM,947.4712096466451
target,2065,MES,1268.4134730928547
target,2065,MEX,509.6273906827879
target,2065,REA,781.1511925603797
target,2065,ROE,636.8153459696347
target,2065,RUS,346.8589433197471
target,2065,USA,6437.819003652079
target,2070,AFR,1573.9594366350677
target,2070,ANZ,629.5436417616091
target,2070,ASI,895.1570586880691
target,2070,BRA,708.6919314307686
target,2070,CAN,541.7253743131242
target,2070,CHN,7054.6217010927585
target,2070,EUR,4127.216122410273
target,2070,IDZ,585.9392397304024
target,2070,IND,3007.197281207811
target,2070,JPN,694.2198034509714
target,2070,KOR,451.80174327606926
target,2070,LAM,1078.9638414470355
target,2070,MES,1462.459622488859
target,2070,MEX,578.7729082222962
target,2070,REA,914.0196288911918
target,2070,ROE,728.0610075013826
target,2070,RUS,371.33474673565553
target,2070,USA,6990.897943471994
target,2075,AFR,1861.7825321114283
target,2075,ANZ,702.6237520096071
target,2075,ASI,995.0748619377604
target,2075,BRA,794.6876399234245
target,2075,CAN,591.2493892312846
target,2075,CHN,7923.456260437954
target,2075,EUR,4377.5546523387575
target,2075,IDZ,659.11668371853
target,2075,IND,3558.6418260625437
target,2075,JPN,729.8822084875221
target,2075,KOR,498.23382166375455
target,2075,LAM,1224.5629479945967
target,2075,MES,1679.973181866352
target,2075,MEX,655.1298768371187
target,2075,REA,1065.14285546108
target,2075,ROE,829.4905345849606
target,2075,RUS,396.8296845560394
target,2075,USA,7575.176026344194
target,2080,AFR,2192.426338935304
target,2080,ANZ,781.887705574779
target,2080,ASI,1103.0187747167583
target,2080,BRA,888.3947923689807
target,2080,CAN,643.0065393745045
target,2080,CHN,8871.715873887017
target,2080,EUR,4635.735929239192
target,2080,IDZ,739.105412391152
target,2080,IND,4192.39690713995
target,2080,JPN,766.3433965640821
target,2080,KOR,548.0007076997728
target,2080,LAM,1385.1209652887887
target,2080,MES,1922.7156165973706
target,2080,MEX,739.1106259548078
target,2080,REA,1236.205489741319
target,2080,ROE,941.7669723985096
target,2080,RUS,423.3195331320371
target,2080,USA,8190.636665450713
target,2085,AFR,2570.277301281586
target,2085,ANZ,867.5405125285934
target,2085,ASI,1219.2141470411207
target,2085,BRA,990.1142504909083
target,2085,CAN,699.3983387169942
target,2085,CHN,9902.657808074391
target,2085,EUR,4901.379496471342
target,2085,IDZ,826.197653779467
target,2085,IND,4916.935562921684
target,2085,JPN,803.5423423937165
target,2085,KOR,601.1613456132177
target,2085,LAM,1561.44130093388
target,2085,MES,2192.405133821603
target,2085,MEX,831.1001551742994
target,2085,REA,1428.9022069021373
target,2085,ROE,1065.5228872008117
target,2085,RUS,450.7728835760007
target,2085,USA,8837.050884217679
target,2090,AFR,2999.7987832194553
target,2090,ANZ,959.7502137925625
target,2090,ASI,1343.8361622109308
target,2090,BRA,1100.103545465141
target,2090,CAN,759.1121261409544
target,2090,CHN,11019.10366197013
target,2090,EUR,5174.0459565316505
target,2090,IDZ,920.6491754635723
target,2090,IND,5740.885804827723
target,2090,JPN,841.4119219260054
target,2090,KOR,657.7523288121855
target,2090,LAM,1754.2601570648237
target,2090,MES,2490.6828410207713
target,2090,MEX,931.4471209432311
target,2090,REA,1644.9092032041078
target,2090,ROE,1201.3467033752197
target,2090,RUS,479.15088966637217
target,2090,USA,9513.96193966772
target,2095,AFR,3485.456783814987
target,2095,ANZ,1058.6416869551285
target,2095,ASI,1477.0023887833818
target,2095,BRA,1218.5684987694497
target,2095,CAN,820.3826079679192
target,2095,CHN,12223.350784686883
target,2095,EUR,5453.236430879565
target,2095,IDZ,1022.671503528058
target,2095,IND,6672.887718625057
target,2095,JPN,879.8789850812809
target,2095,KOR,717.7853028230207
target,2095,LAM,1964.2271935569988
target,2095,MES,2819.0755647000224
target,2095,MEX,1040.4543145871326
target,2095,REA,1885.8514952281957
target,2095,ROE,1349.7680211178485
target,2095,RUS,508.4070677809101
target,2095,USA,10220.671262820108
target,2100,AFR,4031.6328103211126
target,2100,ANZ,1164.2904480821842
target,2100,ASI,1618.7654137252784
target,2100,BRA,1345.6547283625132
target,2100,CAN,884.8940326004939
target,2100,CHN,13517.082091780037
target,2100,EUR,5738.392475065976
target,2100,IDZ,1132.4239684998006
target,2100,IND,7721.425621740182
target,2100,JPN,918.8644737501895
target,2100,KOR,781.2444614937225
target,2100,LAM,2191.8853022893327
target,2100,MES,3178.955744453508
target,2100,MEX,1158.3687699606573
target,2100,REA,2153.266266322543
target,2100,ROE,1511.2421084471152
target,2100,RUS,538.4871545097011
target,2100,USA,10956.226011684434
